Copyright 1986-2022 Xilinx, Inc. All Rights Reserved. Copyright 2022-2024 Advanced Micro Devices, Inc. All Rights Reserved.
------------------------------------------------------------------------------------------------------------------------------------------------------------------------------------------------------
| Tool Version : Vivado v.2024.2 (win64) Build 5239630 Fri Nov 08 22:35:27 MST 2024
| Date         : Fri Dec 26 11:31:09 2025
| Host         : Michaels_work running 64-bit major release  (build 9200)
| Command      : report_timing_summary -max_paths 10 -report_unconstrained -file top_timing_summary_routed.rpt -pb top_timing_summary_routed.pb -rpx top_timing_summary_routed.rpx -warn_on_violation
| Design       : top
| Device       : 7a200t-fbg484
| Speed File   : -2L  PRODUCTION 1.23 2018-06-13
| Design State : Routed
------------------------------------------------------------------------------------------------------------------------------------------------------------------------------------------------------

Timing Summary Report

------------------------------------------------------------------------------------------------
| Timer Settings
| --------------
------------------------------------------------------------------------------------------------

  Enable Multi Corner Analysis               :  Yes
  Enable Pessimism Removal                   :  Yes
  Pessimism Removal Resolution               :  Nearest Common Node
  Enable Input Delay Default Clock           :  No
  Enable Preset / Clear Arcs                 :  No
  Disable Flight Delays                      :  No
  Ignore I/O Paths                           :  No
  Timing Early Launch at Borrowing Latches   :  No
  Borrow Time for Max Delay Exceptions       :  Yes
  Merge Timing Exceptions                    :  Yes
  Inter-SLR Compensation                     :  Conservative

  Corner  Analyze    Analyze    
  Name    Max Paths  Min Paths  
  ------  ---------  ---------  
  Slow    Yes        Yes        
  Fast    Yes        Yes        


------------------------------------------------------------------------------------------------
| Report Methodology
| ------------------
------------------------------------------------------------------------------------------------

Rule       Severity  Description                    Violations  
---------  --------  -----------------------------  ----------  
TIMING-18  Warning   Missing input or output delay  5           

Note: This report is based on the most recent report_methodology run and may not be up-to-date. Run report_methodology on the current design for the latest report.



check_timing report

Table of Contents
-----------------
1. checking no_clock (0)
2. checking constant_clock (0)
3. checking pulse_width_clock (0)
4. checking unconstrained_internal_endpoints (0)
5. checking no_input_delay (1)
6. checking no_output_delay (4)
7. checking multiple_clock (0)
8. checking generated_clocks (0)
9. checking loops (0)
10. checking partial_input_delay (0)
11. checking partial_output_delay (0)
12. checking latch_loops (0)

1. checking no_clock (0)
------------------------
 There are 0 register/latch pins with no clock.


2. checking constant_clock (0)
------------------------------
 There are 0 register/latch pins with constant_clock.


3. checking pulse_width_clock (0)
---------------------------------
 There are 0 register/latch pins which need pulse_width check


4. checking unconstrained_internal_endpoints (0)
------------------------------------------------
 There are 0 pins that are not constrained for maximum delay.

 There are 0 pins that are not constrained for maximum delay due to constant clock.


5. checking no_input_delay (1)
------------------------------
 There is 1 input port with no input delay specified. (HIGH)

 There are 0 input ports with no input delay but user has a false path constraint.


6. checking no_output_delay (4)
-------------------------------
 There are 4 ports with no output delay specified. (HIGH)

 There are 0 ports with no output delay but user has a false path constraint

 There are 0 ports with no output delay but with a timing clock defined on it or propagating through it


7. checking multiple_clock (0)
------------------------------
 There are 0 register/latch pins with multiple clocks.


8. checking generated_clocks (0)
--------------------------------
 There are 0 generated clocks that are not connected to a clock source.


9. checking loops (0)
---------------------
 There are 0 combinational loops in the design.


10. checking partial_input_delay (0)
------------------------------------
 There are 0 input ports with partial input delay specified.


11. checking partial_output_delay (0)
-------------------------------------
 There are 0 ports with partial output delay specified.


12. checking latch_loops (0)
----------------------------
 There are 0 combinational latch loops in the design through latch input



------------------------------------------------------------------------------------------------
| Design Timing Summary
| ---------------------
------------------------------------------------------------------------------------------------

    WNS(ns)      TNS(ns)  TNS Failing Endpoints  TNS Total Endpoints      WHS(ns)      THS(ns)  THS Failing Endpoints  THS Total Endpoints     WPWS(ns)     TPWS(ns)  TPWS Failing Endpoints  TPWS Total Endpoints  
    -------      -------  ---------------------  -------------------      -------      -------  ---------------------  -------------------     --------     --------  ----------------------  --------------------  
      8.769        0.000                      0                    7        0.195        0.000                      0                    7        4.500        0.000                       0                     8  


All user specified timing constraints are met.


------------------------------------------------------------------------------------------------
| Clock Summary
| -------------
------------------------------------------------------------------------------------------------

Clock    Waveform(ns)       Period(ns)      Frequency(MHz)
-----    ------------       ----------      --------------
sys_clk  {0.000 5.000}      10.000          100.000         


------------------------------------------------------------------------------------------------
| Intra Clock Table
| -----------------
------------------------------------------------------------------------------------------------

Clock             WNS(ns)      TNS(ns)  TNS Failing Endpoints  TNS Total Endpoints      WHS(ns)      THS(ns)  THS Failing Endpoints  THS Total Endpoints     WPWS(ns)     TPWS(ns)  TPWS Failing Endpoints  TPWS Total Endpoints  
-----             -------      -------  ---------------------  -------------------      -------      -------  ---------------------  -------------------     --------     --------  ----------------------  --------------------  
sys_clk             8.769        0.000                      0                    7        0.195        0.000                      0                    7        4.500        0.000                       0                     8  


------------------------------------------------------------------------------------------------
| Inter Clock Table
| -----------------
------------------------------------------------------------------------------------------------

From Clock    To Clock          WNS(ns)      TNS(ns)  TNS Failing Endpoints  TNS Total Endpoints      WHS(ns)      THS(ns)  THS Failing Endpoints  THS Total Endpoints  
----------    --------          -------      -------  ---------------------  -------------------      -------      -------  ---------------------  -------------------  


------------------------------------------------------------------------------------------------
| Other Path Groups Table
| -----------------------
------------------------------------------------------------------------------------------------

Path Group    From Clock    To Clock          WNS(ns)      TNS(ns)  TNS Failing Endpoints  TNS Total Endpoints      WHS(ns)      THS(ns)  THS Failing Endpoints  THS Total Endpoints  
----------    ----------    --------          -------      -------  ---------------------  -------------------      -------      -------  ---------------------  -------------------  


------------------------------------------------------------------------------------------------
| User Ignored Path Table
| -----------------------
------------------------------------------------------------------------------------------------

Path Group    From Clock    To Clock    
----------    ----------    --------    


------------------------------------------------------------------------------------------------
| Unconstrained Path Table
| ------------------------
------------------------------------------------------------------------------------------------

Path Group    From Clock    To Clock    
----------    ----------    --------    
(none)        sys_clk                     
(none)                      sys_clk       


------------------------------------------------------------------------------------------------
| Timing Details
| --------------
------------------------------------------------------------------------------------------------


---------------------------------------------------------------------------------------------------
From Clock:  sys_clk
  To Clock:  sys_clk

Setup :            0  Failing Endpoints,  Worst Slack        8.769ns,  Total Violation        0.000ns
Hold  :            0  Failing Endpoints,  Worst Slack        0.195ns,  Total Violation        0.000ns
PW    :            0  Failing Endpoints,  Worst Slack        4.500ns,  Total Violation        0.000ns
---------------------------------------------------------------------------------------------------


Max Delay Paths
--------------------------------------------------------------------------------------
Slack (MET) :             8.769ns  (required time - arrival time)
  Source:                 count_1/FSM_onehot_status_reg[0]/C
                            (rising edge-triggered cell FDPE clocked by sys_clk  {rise@0.000ns fall@5.000ns period=10.000ns})
  Destination:            count_1/out_reg[3]/D
                            (rising edge-triggered cell FDRE clocked by sys_clk  {rise@0.000ns fall@5.000ns period=10.000ns})
  Path Group:             sys_clk
  Path Type:              Setup (Max at Slow Process Corner)
  Requirement:            10.000ns  (sys_clk rise@10.000ns - sys_clk rise@0.000ns)
  Data Path Delay:        1.201ns  (logic 0.630ns (52.450%)  route 0.571ns (47.550%))
  Logic Levels:           1  (LUT3=1)
  Clock Path Skew:        -0.024ns (DCD - SCD + CPR)
    Destination Clock Delay (DCD):    4.572ns = ( 14.572 - 10.000 ) 
    Source Clock Delay      (SCD):    4.843ns
    Clock Pessimism Removal (CPR):    0.248ns
  Clock Uncertainty:      0.035ns  ((TSJ^2 + TIJ^2)^1/2 + DJ) / 2 + PE
    Total System Jitter     (TSJ):    0.071ns
    Total Input Jitter      (TIJ):    0.000ns
    Discrete Jitter          (DJ):    0.000ns
    Phase Error              (PE):    0.000ns

    Location             Delay type                Incr(ns)  Path(ns)    Netlist Resource(s)
  -------------------------------------------------------------------    -------------------
                         (clock sys_clk rise edge)    0.000     0.000 r  
    R4                                                0.000     0.000 r  sys_clk (IN)
                         net (fo=0)                   0.000     0.000    sys_clk
    R4                   IBUF (Prop_ibuf_I_O)         1.419     1.419 r  sys_clk_IBUF_inst/O
                         net (fo=1, routed)           1.792     3.211    sys_clk_IBUF
    BUFGCTRL_X0Y0        BUFG (Prop_bufg_I_O)         0.081     3.292 r  sys_clk_IBUF_BUFG_inst/O
                         net (fo=7, routed)           1.552     4.843    count_1/in0
    SLICE_X162Y104       FDPE                                         r  count_1/FSM_onehot_status_reg[0]/C
  -------------------------------------------------------------------    -------------------
    SLICE_X162Y104       FDPE (Prop_fdpe_C_Q)         0.398     5.241 f  count_1/FSM_onehot_status_reg[0]/Q
                         net (fo=4, routed)           0.571     5.813    count_1/FSM_onehot_status_reg_n_0_[0]
    SLICE_X163Y104       LUT3 (Prop_lut3_I1_O)        0.232     6.045 r  count_1/out/O
                         net (fo=1, routed)           0.000     6.045    count_1/out_n_0
    SLICE_X163Y104       FDRE                                         r  count_1/out_reg[3]/D
  -------------------------------------------------------------------    -------------------

                         (clock sys_clk rise edge)   10.000    10.000 r  
    R4                                                0.000    10.000 r  sys_clk (IN)
                         net (fo=0)                   0.000    10.000    sys_clk
    R4                   IBUF (Prop_ibuf_I_O)         1.353    11.353 r  sys_clk_IBUF_inst/O
                         net (fo=1, routed)           1.699    13.052    sys_clk_IBUF
    BUFGCTRL_X0Y0        BUFG (Prop_bufg_I_O)         0.077    13.129 r  sys_clk_IBUF_BUFG_inst/O
                         net (fo=7, routed)           1.443    14.572    count_1/in0
    SLICE_X163Y104       FDRE                                         r  count_1/out_reg[3]/C
                         clock pessimism              0.248    14.819    
                         clock uncertainty           -0.035    14.784    
    SLICE_X163Y104       FDRE (Setup_fdre_C_D)        0.030    14.814    count_1/out_reg[3]
  -------------------------------------------------------------------
                         required time                         14.814    
                         arrival time                          -6.045    
  -------------------------------------------------------------------
                         slack                                  8.769    

Slack (MET) :             8.826ns  (required time - arrival time)
  Source:                 count_1/FSM_onehot_status_reg[3]/C
                            (rising edge-triggered cell FDCE clocked by sys_clk  {rise@0.000ns fall@5.000ns period=10.000ns})
  Destination:            count_1/FSM_onehot_status_reg[0]/D
                            (rising edge-triggered cell FDPE clocked by sys_clk  {rise@0.000ns fall@5.000ns period=10.000ns})
  Path Group:             sys_clk
  Path Type:              Setup (Max at Slow Process Corner)
  Requirement:            10.000ns  (sys_clk rise@10.000ns - sys_clk rise@0.000ns)
  Data Path Delay:        1.134ns  (logic 0.433ns (38.173%)  route 0.701ns (61.827%))
  Logic Levels:           0  
  Clock Path Skew:        0.000ns (DCD - SCD + CPR)
    Destination Clock Delay (DCD):    4.572ns = ( 14.572 - 10.000 ) 
    Source Clock Delay      (SCD):    4.843ns
    Clock Pessimism Removal (CPR):    0.272ns
  Clock Uncertainty:      0.035ns  ((TSJ^2 + TIJ^2)^1/2 + DJ) / 2 + PE
    Total System Jitter     (TSJ):    0.071ns
    Total Input Jitter      (TIJ):    0.000ns
    Discrete Jitter          (DJ):    0.000ns
    Phase Error              (PE):    0.000ns

    Location             Delay type                Incr(ns)  Path(ns)    Netlist Resource(s)
  -------------------------------------------------------------------    -------------------
                         (clock sys_clk rise edge)    0.000     0.000 r  
    R4                                                0.000     0.000 r  sys_clk (IN)
                         net (fo=0)                   0.000     0.000    sys_clk
    R4                   IBUF (Prop_ibuf_I_O)         1.419     1.419 r  sys_clk_IBUF_inst/O
                         net (fo=1, routed)           1.792     3.211    sys_clk_IBUF
    BUFGCTRL_X0Y0        BUFG (Prop_bufg_I_O)         0.081     3.292 r  sys_clk_IBUF_BUFG_inst/O
                         net (fo=7, routed)           1.552     4.843    count_1/in0
    SLICE_X162Y104       FDCE                                         r  count_1/FSM_onehot_status_reg[3]/C
  -------------------------------------------------------------------    -------------------
    SLICE_X162Y104       FDCE (Prop_fdce_C_Q)         0.433     5.276 r  count_1/FSM_onehot_status_reg[3]/Q
                         net (fo=4, routed)           0.701     5.978    count_1/FSM_onehot_status_reg_n_0_[3]
    SLICE_X162Y104       FDPE                                         r  count_1/FSM_onehot_status_reg[0]/D
  -------------------------------------------------------------------    -------------------

                         (clock sys_clk rise edge)   10.000    10.000 r  
    R4                                                0.000    10.000 r  sys_clk (IN)
                         net (fo=0)                   0.000    10.000    sys_clk
    R4                   IBUF (Prop_ibuf_I_O)         1.353    11.353 r  sys_clk_IBUF_inst/O
                         net (fo=1, routed)           1.699    13.052    sys_clk_IBUF
    BUFGCTRL_X0Y0        BUFG (Prop_bufg_I_O)         0.077    13.129 r  sys_clk_IBUF_BUFG_inst/O
                         net (fo=7, routed)           1.443    14.572    count_1/in0
    SLICE_X162Y104       FDPE                                         r  count_1/FSM_onehot_status_reg[0]/C
                         clock pessimism              0.272    14.843    
                         clock uncertainty           -0.035    14.808    
    SLICE_X162Y104       FDPE (Setup_fdpe_C_D)       -0.004    14.804    count_1/FSM_onehot_status_reg[0]
  -------------------------------------------------------------------
                         required time                         14.804    
                         arrival time                          -5.978    
  -------------------------------------------------------------------
                         slack                                  8.826    

Slack (MET) :             8.930ns  (required time - arrival time)
  Source:                 count_1/FSM_onehot_status_reg[3]/C
                            (rising edge-triggered cell FDCE clocked by sys_clk  {rise@0.000ns fall@5.000ns period=10.000ns})
  Destination:            count_1/FSM_onehot_status_reg[2]/D
                            (rising edge-triggered cell FDCE clocked by sys_clk  {rise@0.000ns fall@5.000ns period=10.000ns})
  Path Group:             sys_clk
  Path Type:              Setup (Max at Slow Process Corner)
  Requirement:            10.000ns  (sys_clk rise@10.000ns - sys_clk rise@0.000ns)
  Data Path Delay:        1.106ns  (logic 0.538ns (48.623%)  route 0.568ns (51.377%))
  Logic Levels:           1  (LUT3=1)
  Clock Path Skew:        0.000ns (DCD - SCD + CPR)
    Destination Clock Delay (DCD):    4.572ns = ( 14.572 - 10.000 ) 
    Source Clock Delay      (SCD):    4.843ns
    Clock Pessimism Removal (CPR):    0.272ns
  Clock Uncertainty:      0.035ns  ((TSJ^2 + TIJ^2)^1/2 + DJ) / 2 + PE
    Total System Jitter     (TSJ):    0.071ns
    Total Input Jitter      (TIJ):    0.000ns
    Discrete Jitter          (DJ):    0.000ns
    Phase Error              (PE):    0.000ns

    Location             Delay type                Incr(ns)  Path(ns)    Netlist Resource(s)
  -------------------------------------------------------------------    -------------------
                         (clock sys_clk rise edge)    0.000     0.000 r  
    R4                                                0.000     0.000 r  sys_clk (IN)
                         net (fo=0)                   0.000     0.000    sys_clk
    R4                   IBUF (Prop_ibuf_I_O)         1.419     1.419 r  sys_clk_IBUF_inst/O
                         net (fo=1, routed)           1.792     3.211    sys_clk_IBUF
    BUFGCTRL_X0Y0        BUFG (Prop_bufg_I_O)         0.081     3.292 r  sys_clk_IBUF_BUFG_inst/O
                         net (fo=7, routed)           1.552     4.843    count_1/in0
    SLICE_X162Y104       FDCE                                         r  count_1/FSM_onehot_status_reg[3]/C
  -------------------------------------------------------------------    -------------------
    SLICE_X162Y104       FDCE (Prop_fdce_C_Q)         0.433     5.276 f  count_1/FSM_onehot_status_reg[3]/Q
                         net (fo=4, routed)           0.568     5.845    count_1/FSM_onehot_status_reg_n_0_[3]
    SLICE_X162Y104       LUT3 (Prop_lut3_I2_O)        0.105     5.950 r  count_1/FSM_onehot_status[2]_i_1/O
                         net (fo=1, routed)           0.000     5.950    count_1/FSM_onehot_status[2]_i_1_n_0
    SLICE_X162Y104       FDCE                                         r  count_1/FSM_onehot_status_reg[2]/D
  -------------------------------------------------------------------    -------------------

                         (clock sys_clk rise edge)   10.000    10.000 r  
    R4                                                0.000    10.000 r  sys_clk (IN)
                         net (fo=0)                   0.000    10.000    sys_clk
    R4                   IBUF (Prop_ibuf_I_O)         1.353    11.353 r  sys_clk_IBUF_inst/O
                         net (fo=1, routed)           1.699    13.052    sys_clk_IBUF
    BUFGCTRL_X0Y0        BUFG (Prop_bufg_I_O)         0.077    13.129 r  sys_clk_IBUF_BUFG_inst/O
                         net (fo=7, routed)           1.443    14.572    count_1/in0
    SLICE_X162Y104       FDCE                                         r  count_1/FSM_onehot_status_reg[2]/C
                         clock pessimism              0.272    14.843    
                         clock uncertainty           -0.035    14.808    
    SLICE_X162Y104       FDCE (Setup_fdce_C_D)        0.072    14.880    count_1/FSM_onehot_status_reg[2]
  -------------------------------------------------------------------
                         required time                         14.880    
                         arrival time                          -5.950    
  -------------------------------------------------------------------
                         slack                                  8.930    

Slack (MET) :             9.033ns  (required time - arrival time)
  Source:                 count_1/FSM_onehot_status_reg[3]/C
                            (rising edge-triggered cell FDCE clocked by sys_clk  {rise@0.000ns fall@5.000ns period=10.000ns})
  Destination:            count_1/out_reg[1]/D
                            (rising edge-triggered cell FDRE clocked by sys_clk  {rise@0.000ns fall@5.000ns period=10.000ns})
  Path Group:             sys_clk
  Path Type:              Setup (Max at Slow Process Corner)
  Requirement:            10.000ns  (sys_clk rise@10.000ns - sys_clk rise@0.000ns)
  Data Path Delay:        0.849ns  (logic 0.433ns (51.002%)  route 0.416ns (48.998%))
  Logic Levels:           0  
  Clock Path Skew:        -0.024ns (DCD - SCD + CPR)
    Destination Clock Delay (DCD):    4.572ns = ( 14.572 - 10.000 ) 
    Source Clock Delay      (SCD):    4.843ns
    Clock Pessimism Removal (CPR):    0.248ns
  Clock Uncertainty:      0.035ns  ((TSJ^2 + TIJ^2)^1/2 + DJ) / 2 + PE
    Total System Jitter     (TSJ):    0.071ns
    Total Input Jitter      (TIJ):    0.000ns
    Discrete Jitter          (DJ):    0.000ns
    Phase Error              (PE):    0.000ns

    Location             Delay type                Incr(ns)  Path(ns)    Netlist Resource(s)
  -------------------------------------------------------------------    -------------------
                         (clock sys_clk rise edge)    0.000     0.000 r  
    R4                                                0.000     0.000 r  sys_clk (IN)
                         net (fo=0)                   0.000     0.000    sys_clk
    R4                   IBUF (Prop_ibuf_I_O)         1.419     1.419 r  sys_clk_IBUF_inst/O
                         net (fo=1, routed)           1.792     3.211    sys_clk_IBUF
    BUFGCTRL_X0Y0        BUFG (Prop_bufg_I_O)         0.081     3.292 r  sys_clk_IBUF_BUFG_inst/O
                         net (fo=7, routed)           1.552     4.843    count_1/in0
    SLICE_X162Y104       FDCE                                         r  count_1/FSM_onehot_status_reg[3]/C
  -------------------------------------------------------------------    -------------------
    SLICE_X162Y104       FDCE (Prop_fdce_C_Q)         0.433     5.276 r  count_1/FSM_onehot_status_reg[3]/Q
                         net (fo=4, routed)           0.416     5.692    count_1/FSM_onehot_status_reg_n_0_[3]
    SLICE_X163Y104       FDRE                                         r  count_1/out_reg[1]/D
  -------------------------------------------------------------------    -------------------

                         (clock sys_clk rise edge)   10.000    10.000 r  
    R4                                                0.000    10.000 r  sys_clk (IN)
                         net (fo=0)                   0.000    10.000    sys_clk
    R4                   IBUF (Prop_ibuf_I_O)         1.353    11.353 r  sys_clk_IBUF_inst/O
                         net (fo=1, routed)           1.699    13.052    sys_clk_IBUF
    BUFGCTRL_X0Y0        BUFG (Prop_bufg_I_O)         0.077    13.129 r  sys_clk_IBUF_BUFG_inst/O
                         net (fo=7, routed)           1.443    14.572    count_1/in0
    SLICE_X163Y104       FDRE                                         r  count_1/out_reg[1]/C
                         clock pessimism              0.248    14.819    
                         clock uncertainty           -0.035    14.784    
    SLICE_X163Y104       FDRE (Setup_fdre_C_D)       -0.059    14.725    count_1/out_reg[1]
  -------------------------------------------------------------------
                         required time                         14.725    
                         arrival time                          -5.692    
  -------------------------------------------------------------------
                         slack                                  9.033    

Slack (MET) :             9.048ns  (required time - arrival time)
  Source:                 count_1/FSM_onehot_status_reg[2]/C
                            (rising edge-triggered cell FDCE clocked by sys_clk  {rise@0.000ns fall@5.000ns period=10.000ns})
  Destination:            count_1/out_reg[2]/D
                            (rising edge-triggered cell FDRE clocked by sys_clk  {rise@0.000ns fall@5.000ns period=10.000ns})
  Path Group:             sys_clk
  Path Type:              Setup (Max at Slow Process Corner)
  Requirement:            10.000ns  (sys_clk rise@10.000ns - sys_clk rise@0.000ns)
  Data Path Delay:        0.851ns  (logic 0.433ns (50.882%)  route 0.418ns (49.118%))
  Logic Levels:           0  
  Clock Path Skew:        -0.024ns (DCD - SCD + CPR)
    Destination Clock Delay (DCD):    4.572ns = ( 14.572 - 10.000 ) 
    Source Clock Delay      (SCD):    4.843ns
    Clock Pessimism Removal (CPR):    0.248ns
  Clock Uncertainty:      0.035ns  ((TSJ^2 + TIJ^2)^1/2 + DJ) / 2 + PE
    Total System Jitter     (TSJ):    0.071ns
    Total Input Jitter      (TIJ):    0.000ns
    Discrete Jitter          (DJ):    0.000ns
    Phase Error              (PE):    0.000ns

    Location             Delay type                Incr(ns)  Path(ns)    Netlist Resource(s)
  -------------------------------------------------------------------    -------------------
                         (clock sys_clk rise edge)    0.000     0.000 r  
    R4                                                0.000     0.000 r  sys_clk (IN)
                         net (fo=0)                   0.000     0.000    sys_clk
    R4                   IBUF (Prop_ibuf_I_O)         1.419     1.419 r  sys_clk_IBUF_inst/O
                         net (fo=1, routed)           1.792     3.211    sys_clk_IBUF
    BUFGCTRL_X0Y0        BUFG (Prop_bufg_I_O)         0.081     3.292 r  sys_clk_IBUF_BUFG_inst/O
                         net (fo=7, routed)           1.552     4.843    count_1/in0
    SLICE_X162Y104       FDCE                                         r  count_1/FSM_onehot_status_reg[2]/C
  -------------------------------------------------------------------    -------------------
    SLICE_X162Y104       FDCE (Prop_fdce_C_Q)         0.433     5.276 r  count_1/FSM_onehot_status_reg[2]/Q
                         net (fo=3, routed)           0.418     5.694    count_1/FSM_onehot_status_reg_n_0_[2]
    SLICE_X163Y104       FDRE                                         r  count_1/out_reg[2]/D
  -------------------------------------------------------------------    -------------------

                         (clock sys_clk rise edge)   10.000    10.000 r  
    R4                                                0.000    10.000 r  sys_clk (IN)
                         net (fo=0)                   0.000    10.000    sys_clk
    R4                   IBUF (Prop_ibuf_I_O)         1.353    11.353 r  sys_clk_IBUF_inst/O
                         net (fo=1, routed)           1.699    13.052    sys_clk_IBUF
    BUFGCTRL_X0Y0        BUFG (Prop_bufg_I_O)         0.077    13.129 r  sys_clk_IBUF_BUFG_inst/O
                         net (fo=7, routed)           1.443    14.572    count_1/in0
    SLICE_X163Y104       FDRE                                         r  count_1/out_reg[2]/C
                         clock pessimism              0.248    14.819    
                         clock uncertainty           -0.035    14.784    
    SLICE_X163Y104       FDRE (Setup_fdre_C_D)       -0.042    14.742    count_1/out_reg[2]
  -------------------------------------------------------------------
                         required time                         14.742    
                         arrival time                          -5.694    
  -------------------------------------------------------------------
                         slack                                  9.048    

Slack (MET) :             9.063ns  (required time - arrival time)
  Source:                 count_1/FSM_onehot_status_reg[0]/C
                            (rising edge-triggered cell FDPE clocked by sys_clk  {rise@0.000ns fall@5.000ns period=10.000ns})
  Destination:            count_1/out_reg[0]/D
                            (rising edge-triggered cell FDRE clocked by sys_clk  {rise@0.000ns fall@5.000ns period=10.000ns})
  Path Group:             sys_clk
  Path Type:              Setup (Max at Slow Process Corner)
  Requirement:            10.000ns  (sys_clk rise@10.000ns - sys_clk rise@0.000ns)
  Data Path Delay:        0.718ns  (logic 0.398ns (55.420%)  route 0.320ns (44.580%))
  Logic Levels:           0  
  Clock Path Skew:        -0.024ns (DCD - SCD + CPR)
    Destination Clock Delay (DCD):    4.572ns = ( 14.572 - 10.000 ) 
    Source Clock Delay      (SCD):    4.843ns
    Clock Pessimism Removal (CPR):    0.248ns
  Clock Uncertainty:      0.035ns  ((TSJ^2 + TIJ^2)^1/2 + DJ) / 2 + PE
    Total System Jitter     (TSJ):    0.071ns
    Total Input Jitter      (TIJ):    0.000ns
    Discrete Jitter          (DJ):    0.000ns
    Phase Error              (PE):    0.000ns

    Location             Delay type                Incr(ns)  Path(ns)    Netlist Resource(s)
  -------------------------------------------------------------------    -------------------
                         (clock sys_clk rise edge)    0.000     0.000 r  
    R4                                                0.000     0.000 r  sys_clk (IN)
                         net (fo=0)                   0.000     0.000    sys_clk
    R4                   IBUF (Prop_ibuf_I_O)         1.419     1.419 r  sys_clk_IBUF_inst/O
                         net (fo=1, routed)           1.792     3.211    sys_clk_IBUF
    BUFGCTRL_X0Y0        BUFG (Prop_bufg_I_O)         0.081     3.292 r  sys_clk_IBUF_BUFG_inst/O
                         net (fo=7, routed)           1.552     4.843    count_1/in0
    SLICE_X162Y104       FDPE                                         r  count_1/FSM_onehot_status_reg[0]/C
  -------------------------------------------------------------------    -------------------
    SLICE_X162Y104       FDPE (Prop_fdpe_C_Q)         0.398     5.241 r  count_1/FSM_onehot_status_reg[0]/Q
                         net (fo=4, routed)           0.320     5.562    count_1/FSM_onehot_status_reg_n_0_[0]
    SLICE_X163Y104       FDRE                                         r  count_1/out_reg[0]/D
  -------------------------------------------------------------------    -------------------

                         (clock sys_clk rise edge)   10.000    10.000 r  
    R4                                                0.000    10.000 r  sys_clk (IN)
                         net (fo=0)                   0.000    10.000    sys_clk
    R4                   IBUF (Prop_ibuf_I_O)         1.353    11.353 r  sys_clk_IBUF_inst/O
                         net (fo=1, routed)           1.699    13.052    sys_clk_IBUF
    BUFGCTRL_X0Y0        BUFG (Prop_bufg_I_O)         0.077    13.129 r  sys_clk_IBUF_BUFG_inst/O
                         net (fo=7, routed)           1.443    14.572    count_1/in0
    SLICE_X163Y104       FDRE                                         r  count_1/out_reg[0]/C
                         clock pessimism              0.248    14.819    
                         clock uncertainty           -0.035    14.784    
    SLICE_X163Y104       FDRE (Setup_fdre_C_D)       -0.159    14.625    count_1/out_reg[0]
  -------------------------------------------------------------------
                         required time                         14.625    
                         arrival time                          -5.562    
  -------------------------------------------------------------------
                         slack                                  9.063    

Slack (MET) :             9.092ns  (required time - arrival time)
  Source:                 count_1/FSM_onehot_status_reg[0]/C
                            (rising edge-triggered cell FDPE clocked by sys_clk  {rise@0.000ns fall@5.000ns period=10.000ns})
  Destination:            count_1/FSM_onehot_status_reg[3]/D
                            (rising edge-triggered cell FDCE clocked by sys_clk  {rise@0.000ns fall@5.000ns period=10.000ns})
  Path Group:             sys_clk
  Path Type:              Setup (Max at Slow Process Corner)
  Requirement:            10.000ns  (sys_clk rise@10.000ns - sys_clk rise@0.000ns)
  Data Path Delay:        0.718ns  (logic 0.398ns (55.420%)  route 0.320ns (44.580%))
  Logic Levels:           0  
  Clock Path Skew:        0.000ns (DCD - SCD + CPR)
    Destination Clock Delay (DCD):    4.572ns = ( 14.572 - 10.000 ) 
    Source Clock Delay      (SCD):    4.843ns
    Clock Pessimism Removal (CPR):    0.272ns
  Clock Uncertainty:      0.035ns  ((TSJ^2 + TIJ^2)^1/2 + DJ) / 2 + PE
    Total System Jitter     (TSJ):    0.071ns
    Total Input Jitter      (TIJ):    0.000ns
    Discrete Jitter          (DJ):    0.000ns
    Phase Error              (PE):    0.000ns

    Location             Delay type                Incr(ns)  Path(ns)    Netlist Resource(s)
  -------------------------------------------------------------------    -------------------
                         (clock sys_clk rise edge)    0.000     0.000 r  
    R4                                                0.000     0.000 r  sys_clk (IN)
                         net (fo=0)                   0.000     0.000    sys_clk
    R4                   IBUF (Prop_ibuf_I_O)         1.419     1.419 r  sys_clk_IBUF_inst/O
                         net (fo=1, routed)           1.792     3.211    sys_clk_IBUF
    BUFGCTRL_X0Y0        BUFG (Prop_bufg_I_O)         0.081     3.292 r  sys_clk_IBUF_BUFG_inst/O
                         net (fo=7, routed)           1.552     4.843    count_1/in0
    SLICE_X162Y104       FDPE                                         r  count_1/FSM_onehot_status_reg[0]/C
  -------------------------------------------------------------------    -------------------
    SLICE_X162Y104       FDPE (Prop_fdpe_C_Q)         0.398     5.241 r  count_1/FSM_onehot_status_reg[0]/Q
                         net (fo=4, routed)           0.320     5.562    count_1/FSM_onehot_status_reg_n_0_[0]
    SLICE_X162Y104       FDCE                                         r  count_1/FSM_onehot_status_reg[3]/D
  -------------------------------------------------------------------    -------------------

                         (clock sys_clk rise edge)   10.000    10.000 r  
    R4                                                0.000    10.000 r  sys_clk (IN)
                         net (fo=0)                   0.000    10.000    sys_clk
    R4                   IBUF (Prop_ibuf_I_O)         1.353    11.353 r  sys_clk_IBUF_inst/O
                         net (fo=1, routed)           1.699    13.052    sys_clk_IBUF
    BUFGCTRL_X0Y0        BUFG (Prop_bufg_I_O)         0.077    13.129 r  sys_clk_IBUF_BUFG_inst/O
                         net (fo=7, routed)           1.443    14.572    count_1/in0
    SLICE_X162Y104       FDCE                                         r  count_1/FSM_onehot_status_reg[3]/C
                         clock pessimism              0.272    14.843    
                         clock uncertainty           -0.035    14.808    
    SLICE_X162Y104       FDCE (Setup_fdce_C_D)       -0.154    14.654    count_1/FSM_onehot_status_reg[3]
  -------------------------------------------------------------------
                         required time                         14.654    
                         arrival time                          -5.562    
  -------------------------------------------------------------------
                         slack                                  9.092    





Min Delay Paths
--------------------------------------------------------------------------------------
Slack (MET) :             0.195ns  (arrival time - required time)
  Source:                 count_1/FSM_onehot_status_reg[0]/C
                            (rising edge-triggered cell FDPE clocked by sys_clk  {rise@0.000ns fall@5.000ns period=10.000ns})
  Destination:            count_1/FSM_onehot_status_reg[2]/D
                            (rising edge-triggered cell FDCE clocked by sys_clk  {rise@0.000ns fall@5.000ns period=10.000ns})
  Path Group:             sys_clk
  Path Type:              Hold (Min at Fast Process Corner)
  Requirement:            0.000ns  (sys_clk rise@0.000ns - sys_clk rise@0.000ns)
  Data Path Delay:        0.315ns  (logic 0.246ns (78.090%)  route 0.069ns (21.910%))
  Logic Levels:           1  (LUT3=1)
  Clock Path Skew:        0.000ns (DCD - SCD - CPR)
    Destination Clock Delay (DCD):    2.127ns
    Source Clock Delay      (SCD):    1.605ns
    Clock Pessimism Removal (CPR):    0.522ns

    Location             Delay type                Incr(ns)  Path(ns)    Netlist Resource(s)
  -------------------------------------------------------------------    -------------------
                         (clock sys_clk rise edge)    0.000     0.000 r  
    R4                                                0.000     0.000 r  sys_clk (IN)
                         net (fo=0)                   0.000     0.000    sys_clk
    R4                   IBUF (Prop_ibuf_I_O)         0.256     0.256 r  sys_clk_IBUF_inst/O
                         net (fo=1, routed)           0.676     0.932    sys_clk_IBUF
    BUFGCTRL_X0Y0        BUFG (Prop_bufg_I_O)         0.026     0.958 r  sys_clk_IBUF_BUFG_inst/O
                         net (fo=7, routed)           0.648     1.605    count_1/in0
    SLICE_X162Y104       FDPE                                         r  count_1/FSM_onehot_status_reg[0]/C
  -------------------------------------------------------------------    -------------------
    SLICE_X162Y104       FDPE (Prop_fdpe_C_Q)         0.148     1.753 f  count_1/FSM_onehot_status_reg[0]/Q
                         net (fo=4, routed)           0.069     1.822    count_1/FSM_onehot_status_reg_n_0_[0]
    SLICE_X162Y104       LUT3 (Prop_lut3_I0_O)        0.098     1.920 r  count_1/FSM_onehot_status[2]_i_1/O
                         net (fo=1, routed)           0.000     1.920    count_1/FSM_onehot_status[2]_i_1_n_0
    SLICE_X162Y104       FDCE                                         r  count_1/FSM_onehot_status_reg[2]/D
  -------------------------------------------------------------------    -------------------

                         (clock sys_clk rise edge)    0.000     0.000 r  
    R4                                                0.000     0.000 r  sys_clk (IN)
                         net (fo=0)                   0.000     0.000    sys_clk
    R4                   IBUF (Prop_ibuf_I_O)         0.444     0.444 r  sys_clk_IBUF_inst/O
                         net (fo=1, routed)           0.734     1.177    sys_clk_IBUF
    BUFGCTRL_X0Y0        BUFG (Prop_bufg_I_O)         0.029     1.206 r  sys_clk_IBUF_BUFG_inst/O
                         net (fo=7, routed)           0.921     2.127    count_1/in0
    SLICE_X162Y104       FDCE                                         r  count_1/FSM_onehot_status_reg[2]/C
                         clock pessimism             -0.522     1.605    
    SLICE_X162Y104       FDCE (Hold_fdce_C_D)         0.120     1.725    count_1/FSM_onehot_status_reg[2]
  -------------------------------------------------------------------
                         required time                         -1.725    
                         arrival time                           1.920    
  -------------------------------------------------------------------
                         slack                                  0.195    

Slack (MET) :             0.208ns  (arrival time - required time)
  Source:                 count_1/FSM_onehot_status_reg[2]/C
                            (rising edge-triggered cell FDCE clocked by sys_clk  {rise@0.000ns fall@5.000ns period=10.000ns})
  Destination:            count_1/out_reg[3]/D
                            (rising edge-triggered cell FDRE clocked by sys_clk  {rise@0.000ns fall@5.000ns period=10.000ns})
  Path Group:             sys_clk
  Path Type:              Hold (Min at Fast Process Corner)
  Requirement:            0.000ns  (sys_clk rise@0.000ns - sys_clk rise@0.000ns)
  Data Path Delay:        0.312ns  (logic 0.209ns (66.885%)  route 0.103ns (33.115%))
  Logic Levels:           1  (LUT3=1)
  Clock Path Skew:        0.013ns (DCD - SCD - CPR)
    Destination Clock Delay (DCD):    2.127ns
    Source Clock Delay      (SCD):    1.605ns
    Clock Pessimism Removal (CPR):    0.509ns

    Location             Delay type                Incr(ns)  Path(ns)    Netlist Resource(s)
  -------------------------------------------------------------------    -------------------
                         (clock sys_clk rise edge)    0.000     0.000 r  
    R4                                                0.000     0.000 r  sys_clk (IN)
                         net (fo=0)                   0.000     0.000    sys_clk
    R4                   IBUF (Prop_ibuf_I_O)         0.256     0.256 r  sys_clk_IBUF_inst/O
                         net (fo=1, routed)           0.676     0.932    sys_clk_IBUF
    BUFGCTRL_X0Y0        BUFG (Prop_bufg_I_O)         0.026     0.958 r  sys_clk_IBUF_BUFG_inst/O
                         net (fo=7, routed)           0.648     1.605    count_1/in0
    SLICE_X162Y104       FDCE                                         r  count_1/FSM_onehot_status_reg[2]/C
  -------------------------------------------------------------------    -------------------
    SLICE_X162Y104       FDCE (Prop_fdce_C_Q)         0.164     1.769 f  count_1/FSM_onehot_status_reg[2]/Q
                         net (fo=3, routed)           0.103     1.873    count_1/FSM_onehot_status_reg_n_0_[2]
    SLICE_X163Y104       LUT3 (Prop_lut3_I0_O)        0.045     1.918 r  count_1/out/O
                         net (fo=1, routed)           0.000     1.918    count_1/out_n_0
    SLICE_X163Y104       FDRE                                         r  count_1/out_reg[3]/D
  -------------------------------------------------------------------    -------------------

                         (clock sys_clk rise edge)    0.000     0.000 r  
    R4                                                0.000     0.000 r  sys_clk (IN)
                         net (fo=0)                   0.000     0.000    sys_clk
    R4                   IBUF (Prop_ibuf_I_O)         0.444     0.444 r  sys_clk_IBUF_inst/O
                         net (fo=1, routed)           0.734     1.177    sys_clk_IBUF
    BUFGCTRL_X0Y0        BUFG (Prop_bufg_I_O)         0.029     1.206 r  sys_clk_IBUF_BUFG_inst/O
                         net (fo=7, routed)           0.921     2.127    count_1/in0
    SLICE_X163Y104       FDRE                                         r  count_1/out_reg[3]/C
                         clock pessimism             -0.509     1.618    
    SLICE_X163Y104       FDRE (Hold_fdre_C_D)         0.091     1.709    count_1/out_reg[3]
  -------------------------------------------------------------------
                         required time                         -1.709    
                         arrival time                           1.918    
  -------------------------------------------------------------------
                         slack                                  0.208    

Slack (MET) :             0.260ns  (arrival time - required time)
  Source:                 count_1/FSM_onehot_status_reg[0]/C
                            (rising edge-triggered cell FDPE clocked by sys_clk  {rise@0.000ns fall@5.000ns period=10.000ns})
  Destination:            count_1/out_reg[0]/D
                            (rising edge-triggered cell FDRE clocked by sys_clk  {rise@0.000ns fall@5.000ns period=10.000ns})
  Path Group:             sys_clk
  Path Type:              Hold (Min at Fast Process Corner)
  Requirement:            0.000ns  (sys_clk rise@0.000ns - sys_clk rise@0.000ns)
  Data Path Delay:        0.295ns  (logic 0.148ns (50.144%)  route 0.147ns (49.856%))
  Logic Levels:           0  
  Clock Path Skew:        0.013ns (DCD - SCD - CPR)
    Destination Clock Delay (DCD):    2.127ns
    Source Clock Delay      (SCD):    1.605ns
    Clock Pessimism Removal (CPR):    0.509ns

    Location             Delay type                Incr(ns)  Path(ns)    Netlist Resource(s)
  -------------------------------------------------------------------    -------------------
                         (clock sys_clk rise edge)    0.000     0.000 r  
    R4                                                0.000     0.000 r  sys_clk (IN)
                         net (fo=0)                   0.000     0.000    sys_clk
    R4                   IBUF (Prop_ibuf_I_O)         0.256     0.256 r  sys_clk_IBUF_inst/O
                         net (fo=1, routed)           0.676     0.932    sys_clk_IBUF
    BUFGCTRL_X0Y0        BUFG (Prop_bufg_I_O)         0.026     0.958 r  sys_clk_IBUF_BUFG_inst/O
                         net (fo=7, routed)           0.648     1.605    count_1/in0
    SLICE_X162Y104       FDPE                                         r  count_1/FSM_onehot_status_reg[0]/C
  -------------------------------------------------------------------    -------------------
    SLICE_X162Y104       FDPE (Prop_fdpe_C_Q)         0.148     1.753 r  count_1/FSM_onehot_status_reg[0]/Q
                         net (fo=4, routed)           0.147     1.900    count_1/FSM_onehot_status_reg_n_0_[0]
    SLICE_X163Y104       FDRE                                         r  count_1/out_reg[0]/D
  -------------------------------------------------------------------    -------------------

                         (clock sys_clk rise edge)    0.000     0.000 r  
    R4                                                0.000     0.000 r  sys_clk (IN)
                         net (fo=0)                   0.000     0.000    sys_clk
    R4                   IBUF (Prop_ibuf_I_O)         0.444     0.444 r  sys_clk_IBUF_inst/O
                         net (fo=1, routed)           0.734     1.177    sys_clk_IBUF
    BUFGCTRL_X0Y0        BUFG (Prop_bufg_I_O)         0.029     1.206 r  sys_clk_IBUF_BUFG_inst/O
                         net (fo=7, routed)           0.921     2.127    count_1/in0
    SLICE_X163Y104       FDRE                                         r  count_1/out_reg[0]/C
                         clock pessimism             -0.509     1.618    
    SLICE_X163Y104       FDRE (Hold_fdre_C_D)         0.022     1.640    count_1/out_reg[0]
  -------------------------------------------------------------------
                         required time                         -1.640    
                         arrival time                           1.900    
  -------------------------------------------------------------------
                         slack                                  0.260    

Slack (MET) :             0.269ns  (arrival time - required time)
  Source:                 count_1/FSM_onehot_status_reg[2]/C
                            (rising edge-triggered cell FDCE clocked by sys_clk  {rise@0.000ns fall@5.000ns period=10.000ns})
  Destination:            count_1/out_reg[2]/D
                            (rising edge-triggered cell FDRE clocked by sys_clk  {rise@0.000ns fall@5.000ns period=10.000ns})
  Path Group:             sys_clk
  Path Type:              Hold (Min at Fast Process Corner)
  Requirement:            0.000ns  (sys_clk rise@0.000ns - sys_clk rise@0.000ns)
  Data Path Delay:        0.352ns  (logic 0.164ns (46.593%)  route 0.188ns (53.407%))
  Logic Levels:           0  
  Clock Path Skew:        0.013ns (DCD - SCD - CPR)
    Destination Clock Delay (DCD):    2.127ns
    Source Clock Delay      (SCD):    1.605ns
    Clock Pessimism Removal (CPR):    0.509ns

    Location             Delay type                Incr(ns)  Path(ns)    Netlist Resource(s)
  -------------------------------------------------------------------    -------------------
                         (clock sys_clk rise edge)    0.000     0.000 r  
    R4                                                0.000     0.000 r  sys_clk (IN)
                         net (fo=0)                   0.000     0.000    sys_clk
    R4                   IBUF (Prop_ibuf_I_O)         0.256     0.256 r  sys_clk_IBUF_inst/O
                         net (fo=1, routed)           0.676     0.932    sys_clk_IBUF
    BUFGCTRL_X0Y0        BUFG (Prop_bufg_I_O)         0.026     0.958 r  sys_clk_IBUF_BUFG_inst/O
                         net (fo=7, routed)           0.648     1.605    count_1/in0
    SLICE_X162Y104       FDCE                                         r  count_1/FSM_onehot_status_reg[2]/C
  -------------------------------------------------------------------    -------------------
    SLICE_X162Y104       FDCE (Prop_fdce_C_Q)         0.164     1.769 r  count_1/FSM_onehot_status_reg[2]/Q
                         net (fo=3, routed)           0.188     1.957    count_1/FSM_onehot_status_reg_n_0_[2]
    SLICE_X163Y104       FDRE                                         r  count_1/out_reg[2]/D
  -------------------------------------------------------------------    -------------------

                         (clock sys_clk rise edge)    0.000     0.000 r  
    R4                                                0.000     0.000 r  sys_clk (IN)
                         net (fo=0)                   0.000     0.000    sys_clk
    R4                   IBUF (Prop_ibuf_I_O)         0.444     0.444 r  sys_clk_IBUF_inst/O
                         net (fo=1, routed)           0.734     1.177    sys_clk_IBUF
    BUFGCTRL_X0Y0        BUFG (Prop_bufg_I_O)         0.029     1.206 r  sys_clk_IBUF_BUFG_inst/O
                         net (fo=7, routed)           0.921     2.127    count_1/in0
    SLICE_X163Y104       FDRE                                         r  count_1/out_reg[2]/C
                         clock pessimism             -0.509     1.618    
    SLICE_X163Y104       FDRE (Hold_fdre_C_D)         0.070     1.688    count_1/out_reg[2]
  -------------------------------------------------------------------
                         required time                         -1.688    
                         arrival time                           1.957    
  -------------------------------------------------------------------
                         slack                                  0.269    

Slack (MET) :             0.273ns  (arrival time - required time)
  Source:                 count_1/FSM_onehot_status_reg[3]/C
                            (rising edge-triggered cell FDCE clocked by sys_clk  {rise@0.000ns fall@5.000ns period=10.000ns})
  Destination:            count_1/out_reg[1]/D
                            (rising edge-triggered cell FDRE clocked by sys_clk  {rise@0.000ns fall@5.000ns period=10.000ns})
  Path Group:             sys_clk
  Path Type:              Hold (Min at Fast Process Corner)
  Requirement:            0.000ns  (sys_clk rise@0.000ns - sys_clk rise@0.000ns)
  Data Path Delay:        0.352ns  (logic 0.164ns (46.593%)  route 0.188ns (53.407%))
  Logic Levels:           0  
  Clock Path Skew:        0.013ns (DCD - SCD - CPR)
    Destination Clock Delay (DCD):    2.127ns
    Source Clock Delay      (SCD):    1.605ns
    Clock Pessimism Removal (CPR):    0.509ns

    Location             Delay type                Incr(ns)  Path(ns)    Netlist Resource(s)
  -------------------------------------------------------------------    -------------------
                         (clock sys_clk rise edge)    0.000     0.000 r  
    R4                                                0.000     0.000 r  sys_clk (IN)
                         net (fo=0)                   0.000     0.000    sys_clk
    R4                   IBUF (Prop_ibuf_I_O)         0.256     0.256 r  sys_clk_IBUF_inst/O
                         net (fo=1, routed)           0.676     0.932    sys_clk_IBUF
    BUFGCTRL_X0Y0        BUFG (Prop_bufg_I_O)         0.026     0.958 r  sys_clk_IBUF_BUFG_inst/O
                         net (fo=7, routed)           0.648     1.605    count_1/in0
    SLICE_X162Y104       FDCE                                         r  count_1/FSM_onehot_status_reg[3]/C
  -------------------------------------------------------------------    -------------------
    SLICE_X162Y104       FDCE (Prop_fdce_C_Q)         0.164     1.769 r  count_1/FSM_onehot_status_reg[3]/Q
                         net (fo=4, routed)           0.188     1.957    count_1/FSM_onehot_status_reg_n_0_[3]
    SLICE_X163Y104       FDRE                                         r  count_1/out_reg[1]/D
  -------------------------------------------------------------------    -------------------

                         (clock sys_clk rise edge)    0.000     0.000 r  
    R4                                                0.000     0.000 r  sys_clk (IN)
                         net (fo=0)                   0.000     0.000    sys_clk
    R4                   IBUF (Prop_ibuf_I_O)         0.444     0.444 r  sys_clk_IBUF_inst/O
                         net (fo=1, routed)           0.734     1.177    sys_clk_IBUF
    BUFGCTRL_X0Y0        BUFG (Prop_bufg_I_O)         0.029     1.206 r  sys_clk_IBUF_BUFG_inst/O
                         net (fo=7, routed)           0.921     2.127    count_1/in0
    SLICE_X163Y104       FDRE                                         r  count_1/out_reg[1]/C
                         clock pessimism             -0.509     1.618    
    SLICE_X163Y104       FDRE (Hold_fdre_C_D)         0.066     1.684    count_1/out_reg[1]
  -------------------------------------------------------------------
                         required time                         -1.684    
                         arrival time                           1.957    
  -------------------------------------------------------------------
                         slack                                  0.273    

Slack (MET) :             0.296ns  (arrival time - required time)
  Source:                 count_1/FSM_onehot_status_reg[0]/C
                            (rising edge-triggered cell FDPE clocked by sys_clk  {rise@0.000ns fall@5.000ns period=10.000ns})
  Destination:            count_1/FSM_onehot_status_reg[3]/D
                            (rising edge-triggered cell FDCE clocked by sys_clk  {rise@0.000ns fall@5.000ns period=10.000ns})
  Path Group:             sys_clk
  Path Type:              Hold (Min at Fast Process Corner)
  Requirement:            0.000ns  (sys_clk rise@0.000ns - sys_clk rise@0.000ns)
  Data Path Delay:        0.295ns  (logic 0.148ns (50.144%)  route 0.147ns (49.856%))
  Logic Levels:           0  
  Clock Path Skew:        0.000ns (DCD - SCD - CPR)
    Destination Clock Delay (DCD):    2.127ns
    Source Clock Delay      (SCD):    1.605ns
    Clock Pessimism Removal (CPR):    0.522ns

    Location             Delay type                Incr(ns)  Path(ns)    Netlist Resource(s)
  -------------------------------------------------------------------    -------------------
                         (clock sys_clk rise edge)    0.000     0.000 r  
    R4                                                0.000     0.000 r  sys_clk (IN)
                         net (fo=0)                   0.000     0.000    sys_clk
    R4                   IBUF (Prop_ibuf_I_O)         0.256     0.256 r  sys_clk_IBUF_inst/O
                         net (fo=1, routed)           0.676     0.932    sys_clk_IBUF
    BUFGCTRL_X0Y0        BUFG (Prop_bufg_I_O)         0.026     0.958 r  sys_clk_IBUF_BUFG_inst/O
                         net (fo=7, routed)           0.648     1.605    count_1/in0
    SLICE_X162Y104       FDPE                                         r  count_1/FSM_onehot_status_reg[0]/C
  -------------------------------------------------------------------    -------------------
    SLICE_X162Y104       FDPE (Prop_fdpe_C_Q)         0.148     1.753 r  count_1/FSM_onehot_status_reg[0]/Q
                         net (fo=4, routed)           0.147     1.900    count_1/FSM_onehot_status_reg_n_0_[0]
    SLICE_X162Y104       FDCE                                         r  count_1/FSM_onehot_status_reg[3]/D
  -------------------------------------------------------------------    -------------------

                         (clock sys_clk rise edge)    0.000     0.000 r  
    R4                                                0.000     0.000 r  sys_clk (IN)
                         net (fo=0)                   0.000     0.000    sys_clk
    R4                   IBUF (Prop_ibuf_I_O)         0.444     0.444 r  sys_clk_IBUF_inst/O
                         net (fo=1, routed)           0.734     1.177    sys_clk_IBUF
    BUFGCTRL_X0Y0        BUFG (Prop_bufg_I_O)         0.029     1.206 r  sys_clk_IBUF_BUFG_inst/O
                         net (fo=7, routed)           0.921     2.127    count_1/in0
    SLICE_X162Y104       FDCE                                         r  count_1/FSM_onehot_status_reg[3]/C
                         clock pessimism             -0.522     1.605    
    SLICE_X162Y104       FDCE (Hold_fdce_C_D)        -0.001     1.604    count_1/FSM_onehot_status_reg[3]
  -------------------------------------------------------------------
                         required time                         -1.604    
                         arrival time                           1.900    
  -------------------------------------------------------------------
                         slack                                  0.296    

Slack (MET) :             0.409ns  (arrival time - required time)
  Source:                 count_1/FSM_onehot_status_reg[3]/C
                            (rising edge-triggered cell FDCE clocked by sys_clk  {rise@0.000ns fall@5.000ns period=10.000ns})
  Destination:            count_1/FSM_onehot_status_reg[0]/D
                            (rising edge-triggered cell FDPE clocked by sys_clk  {rise@0.000ns fall@5.000ns period=10.000ns})
  Path Group:             sys_clk
  Path Type:              Hold (Min at Fast Process Corner)
  Requirement:            0.000ns  (sys_clk rise@0.000ns - sys_clk rise@0.000ns)
  Data Path Delay:        0.469ns  (logic 0.164ns (34.946%)  route 0.305ns (65.054%))
  Logic Levels:           0  
  Clock Path Skew:        0.000ns (DCD - SCD - CPR)
    Destination Clock Delay (DCD):    2.127ns
    Source Clock Delay      (SCD):    1.605ns
    Clock Pessimism Removal (CPR):    0.522ns

    Location             Delay type                Incr(ns)  Path(ns)    Netlist Resource(s)
  -------------------------------------------------------------------    -------------------
                         (clock sys_clk rise edge)    0.000     0.000 r  
    R4                                                0.000     0.000 r  sys_clk (IN)
                         net (fo=0)                   0.000     0.000    sys_clk
    R4                   IBUF (Prop_ibuf_I_O)         0.256     0.256 r  sys_clk_IBUF_inst/O
                         net (fo=1, routed)           0.676     0.932    sys_clk_IBUF
    BUFGCTRL_X0Y0        BUFG (Prop_bufg_I_O)         0.026     0.958 r  sys_clk_IBUF_BUFG_inst/O
                         net (fo=7, routed)           0.648     1.605    count_1/in0
    SLICE_X162Y104       FDCE                                         r  count_1/FSM_onehot_status_reg[3]/C
  -------------------------------------------------------------------    -------------------
    SLICE_X162Y104       FDCE (Prop_fdce_C_Q)         0.164     1.769 r  count_1/FSM_onehot_status_reg[3]/Q
                         net (fo=4, routed)           0.305     2.075    count_1/FSM_onehot_status_reg_n_0_[3]
    SLICE_X162Y104       FDPE                                         r  count_1/FSM_onehot_status_reg[0]/D
  -------------------------------------------------------------------    -------------------

                         (clock sys_clk rise edge)    0.000     0.000 r  
    R4                                                0.000     0.000 r  sys_clk (IN)
                         net (fo=0)                   0.000     0.000    sys_clk
    R4                   IBUF (Prop_ibuf_I_O)         0.444     0.444 r  sys_clk_IBUF_inst/O
                         net (fo=1, routed)           0.734     1.177    sys_clk_IBUF
    BUFGCTRL_X0Y0        BUFG (Prop_bufg_I_O)         0.029     1.206 r  sys_clk_IBUF_BUFG_inst/O
                         net (fo=7, routed)           0.921     2.127    count_1/in0
    SLICE_X162Y104       FDPE                                         r  count_1/FSM_onehot_status_reg[0]/C
                         clock pessimism             -0.522     1.605    
    SLICE_X162Y104       FDPE (Hold_fdpe_C_D)         0.060     1.665    count_1/FSM_onehot_status_reg[0]
  -------------------------------------------------------------------
                         required time                         -1.665    
                         arrival time                           2.075    
  -------------------------------------------------------------------
                         slack                                  0.409    





Pulse Width Checks
--------------------------------------------------------------------------------------
Clock Name:         sys_clk
Waveform(ns):       { 0.000 5.000 }
Period(ns):         10.000
Sources:            { sys_clk }

Check Type        Corner  Lib Pin  Reference Pin  Required(ns)  Actual(ns)  Slack(ns)  Location        Pin
Min Period        n/a     BUFG/I   n/a            1.592         10.000      8.408      BUFGCTRL_X0Y0   sys_clk_IBUF_BUFG_inst/I
Min Period        n/a     FDPE/C   n/a            1.000         10.000      9.000      SLICE_X162Y104  count_1/FSM_onehot_status_reg[0]/C
Min Period        n/a     FDCE/C   n/a            1.000         10.000      9.000      SLICE_X162Y104  count_1/FSM_onehot_status_reg[2]/C
Min Period        n/a     FDCE/C   n/a            1.000         10.000      9.000      SLICE_X162Y104  count_1/FSM_onehot_status_reg[3]/C
Min Period        n/a     FDRE/C   n/a            1.000         10.000      9.000      SLICE_X163Y104  count_1/out_reg[0]/C
Min Period        n/a     FDRE/C   n/a            1.000         10.000      9.000      SLICE_X163Y104  count_1/out_reg[1]/C
Min Period        n/a     FDRE/C   n/a            1.000         10.000      9.000      SLICE_X163Y104  count_1/out_reg[2]/C
Min Period        n/a     FDRE/C   n/a            1.000         10.000      9.000      SLICE_X163Y104  count_1/out_reg[3]/C
Low Pulse Width   Slow    FDPE/C   n/a            0.500         5.000       4.500      SLICE_X162Y104  count_1/FSM_onehot_status_reg[0]/C
Low Pulse Width   Fast    FDPE/C   n/a            0.500         5.000       4.500      SLICE_X162Y104  count_1/FSM_onehot_status_reg[0]/C
Low Pulse Width   Slow    FDCE/C   n/a            0.500         5.000       4.500      SLICE_X162Y104  count_1/FSM_onehot_status_reg[2]/C
Low Pulse Width   Fast    FDCE/C   n/a            0.500         5.000       4.500      SLICE_X162Y104  count_1/FSM_onehot_status_reg[2]/C
Low Pulse Width   Slow    FDCE/C   n/a            0.500         5.000       4.500      SLICE_X162Y104  count_1/FSM_onehot_status_reg[3]/C
Low Pulse Width   Fast    FDCE/C   n/a            0.500         5.000       4.500      SLICE_X162Y104  count_1/FSM_onehot_status_reg[3]/C
Low Pulse Width   Slow    FDRE/C   n/a            0.500         5.000       4.500      SLICE_X163Y104  count_1/out_reg[0]/C
Low Pulse Width   Fast    FDRE/C   n/a            0.500         5.000       4.500      SLICE_X163Y104  count_1/out_reg[0]/C
Low Pulse Width   Slow    FDRE/C   n/a            0.500         5.000       4.500      SLICE_X163Y104  count_1/out_reg[1]/C
Low Pulse Width   Fast    FDRE/C   n/a            0.500         5.000       4.500      SLICE_X163Y104  count_1/out_reg[1]/C
High Pulse Width  Slow    FDPE/C   n/a            0.500         5.000       4.500      SLICE_X162Y104  count_1/FSM_onehot_status_reg[0]/C
High Pulse Width  Fast    FDPE/C   n/a            0.500         5.000       4.500      SLICE_X162Y104  count_1/FSM_onehot_status_reg[0]/C
High Pulse Width  Slow    FDCE/C   n/a            0.500         5.000       4.500      SLICE_X162Y104  count_1/FSM_onehot_status_reg[2]/C
High Pulse Width  Fast    FDCE/C   n/a            0.500         5.000       4.500      SLICE_X162Y104  count_1/FSM_onehot_status_reg[2]/C
High Pulse Width  Slow    FDCE/C   n/a            0.500         5.000       4.500      SLICE_X162Y104  count_1/FSM_onehot_status_reg[3]/C
High Pulse Width  Fast    FDCE/C   n/a            0.500         5.000       4.500      SLICE_X162Y104  count_1/FSM_onehot_status_reg[3]/C
High Pulse Width  Slow    FDRE/C   n/a            0.500         5.000       4.500      SLICE_X163Y104  count_1/out_reg[0]/C
High Pulse Width  Fast    FDRE/C   n/a            0.500         5.000       4.500      SLICE_X163Y104  count_1/out_reg[0]/C
High Pulse Width  Slow    FDRE/C   n/a            0.500         5.000       4.500      SLICE_X163Y104  count_1/out_reg[1]/C
High Pulse Width  Fast    FDRE/C   n/a            0.500         5.000       4.500      SLICE_X163Y104  count_1/out_reg[1]/C



--------------------------------------------------------------------------------------
Path Group:  (none)
From Clock:  sys_clk
  To Clock:  

Max Delay             4 Endpoints
Min Delay             4 Endpoints
--------------------------------------------------------------------------------------


Max Delay Paths
--------------------------------------------------------------------------------------
Slack:                    inf
  Source:                 count_1/out_reg[3]/C
                            (rising edge-triggered cell FDRE clocked by sys_clk  {rise@0.000ns fall@5.000ns period=10.000ns})
  Destination:            led[3]
                            (output port)
  Path Group:             (none)
  Path Type:              Max at Slow Process Corner
  Data Path Delay:        5.239ns  (logic 3.683ns (70.300%)  route 1.556ns (29.700%))
  Logic Levels:           1  (OBUF=1)
  Clock Uncertainty:      0.025ns  ((TSJ^2 + TIJ^2)^1/2 + DJ) / 2 + PE
    Total System Jitter     (TSJ):    0.050ns
    Total Input Jitter      (TIJ):    0.000ns
    Discrete Jitter          (DJ):    0.000ns
    Phase Error              (PE):    0.000ns

    Location             Delay type                Incr(ns)  Path(ns)    Netlist Resource(s)
  -------------------------------------------------------------------    -------------------
                         (clock sys_clk rise edge)    0.000     0.000 r  
    R4                                                0.000     0.000 r  sys_clk (IN)
                         net (fo=0)                   0.000     0.000    sys_clk
    R4                   IBUF (Prop_ibuf_I_O)         1.419     1.419 r  sys_clk_IBUF_inst/O
                         net (fo=1, routed)           1.792     3.211    sys_clk_IBUF
    BUFGCTRL_X0Y0        BUFG (Prop_bufg_I_O)         0.081     3.292 r  sys_clk_IBUF_BUFG_inst/O
                         net (fo=7, routed)           1.552     4.843    count_1/in0
    SLICE_X163Y104       FDRE                                         r  count_1/out_reg[3]/C
  -------------------------------------------------------------------    -------------------
    SLICE_X163Y104       FDRE (Prop_fdre_C_Q)         0.379     5.222 r  count_1/out_reg[3]/Q
                         net (fo=1, routed)           1.556     6.778    led_OBUF[3]
    W7                   OBUF (Prop_obuf_I_O)         3.304    10.083 r  led_OBUF[3]_inst/O
                         net (fo=0)                   0.000    10.083    led[3]
    W7                                                                r  led[3] (OUT)
  -------------------------------------------------------------------    -------------------

Slack:                    inf
  Source:                 count_1/out_reg[0]/C
                            (rising edge-triggered cell FDRE clocked by sys_clk  {rise@0.000ns fall@5.000ns period=10.000ns})
  Destination:            led[0]
                            (output port)
  Path Group:             (none)
  Path Type:              Max at Slow Process Corner
  Data Path Delay:        5.212ns  (logic 3.792ns (72.757%)  route 1.420ns (27.243%))
  Logic Levels:           1  (OBUF=1)
  Clock Uncertainty:      0.025ns  ((TSJ^2 + TIJ^2)^1/2 + DJ) / 2 + PE
    Total System Jitter     (TSJ):    0.050ns
    Total Input Jitter      (TIJ):    0.000ns
    Discrete Jitter          (DJ):    0.000ns
    Phase Error              (PE):    0.000ns

    Location             Delay type                Incr(ns)  Path(ns)    Netlist Resource(s)
  -------------------------------------------------------------------    -------------------
                         (clock sys_clk rise edge)    0.000     0.000 r  
    R4                                                0.000     0.000 r  sys_clk (IN)
                         net (fo=0)                   0.000     0.000    sys_clk
    R4                   IBUF (Prop_ibuf_I_O)         1.419     1.419 r  sys_clk_IBUF_inst/O
                         net (fo=1, routed)           1.792     3.211    sys_clk_IBUF
    BUFGCTRL_X0Y0        BUFG (Prop_bufg_I_O)         0.081     3.292 r  sys_clk_IBUF_BUFG_inst/O
                         net (fo=7, routed)           1.552     4.843    count_1/in0
    SLICE_X163Y104       FDRE                                         r  count_1/out_reg[0]/C
  -------------------------------------------------------------------    -------------------
    SLICE_X163Y104       FDRE (Prop_fdre_C_Q)         0.348     5.191 r  count_1/out_reg[0]/Q
                         net (fo=1, routed)           1.420     6.611    led_OBUF[0]
    V9                   OBUF (Prop_obuf_I_O)         3.444    10.056 r  led_OBUF[0]_inst/O
                         net (fo=0)                   0.000    10.056    led[0]
    V9                                                                r  led[0] (OUT)
  -------------------------------------------------------------------    -------------------

Slack:                    inf
  Source:                 count_1/out_reg[2]/C
                            (rising edge-triggered cell FDRE clocked by sys_clk  {rise@0.000ns fall@5.000ns period=10.000ns})
  Destination:            led[2]
                            (output port)
  Path Group:             (none)
  Path Type:              Max at Slow Process Corner
  Data Path Delay:        5.068ns  (logic 3.684ns (72.696%)  route 1.384ns (27.304%))
  Logic Levels:           1  (OBUF=1)
  Clock Uncertainty:      0.025ns  ((TSJ^2 + TIJ^2)^1/2 + DJ) / 2 + PE
    Total System Jitter     (TSJ):    0.050ns
    Total Input Jitter      (TIJ):    0.000ns
    Discrete Jitter          (DJ):    0.000ns
    Phase Error              (PE):    0.000ns

    Location             Delay type                Incr(ns)  Path(ns)    Netlist Resource(s)
  -------------------------------------------------------------------    -------------------
                         (clock sys_clk rise edge)    0.000     0.000 r  
    R4                                                0.000     0.000 r  sys_clk (IN)
                         net (fo=0)                   0.000     0.000    sys_clk
    R4                   IBUF (Prop_ibuf_I_O)         1.419     1.419 r  sys_clk_IBUF_inst/O
                         net (fo=1, routed)           1.792     3.211    sys_clk_IBUF
    BUFGCTRL_X0Y0        BUFG (Prop_bufg_I_O)         0.081     3.292 r  sys_clk_IBUF_BUFG_inst/O
                         net (fo=7, routed)           1.552     4.843    count_1/in0
    SLICE_X163Y104       FDRE                                         r  count_1/out_reg[2]/C
  -------------------------------------------------------------------    -------------------
    SLICE_X163Y104       FDRE (Prop_fdre_C_Q)         0.379     5.222 r  count_1/out_reg[2]/Q
                         net (fo=1, routed)           1.384     6.606    led_OBUF[2]
    Y7                   OBUF (Prop_obuf_I_O)         3.305     9.911 r  led_OBUF[2]_inst/O
                         net (fo=0)                   0.000     9.911    led[2]
    Y7                                                                r  led[2] (OUT)
  -------------------------------------------------------------------    -------------------

Slack:                    inf
  Source:                 count_1/out_reg[1]/C
                            (rising edge-triggered cell FDRE clocked by sys_clk  {rise@0.000ns fall@5.000ns period=10.000ns})
  Destination:            led[1]
                            (output port)
  Path Group:             (none)
  Path Type:              Max at Slow Process Corner
  Data Path Delay:        4.945ns  (logic 3.691ns (74.640%)  route 1.254ns (25.360%))
  Logic Levels:           1  (OBUF=1)
  Clock Uncertainty:      0.025ns  ((TSJ^2 + TIJ^2)^1/2 + DJ) / 2 + PE
    Total System Jitter     (TSJ):    0.050ns
    Total Input Jitter      (TIJ):    0.000ns
    Discrete Jitter          (DJ):    0.000ns
    Phase Error              (PE):    0.000ns

    Location             Delay type                Incr(ns)  Path(ns)    Netlist Resource(s)
  -------------------------------------------------------------------    -------------------
                         (clock sys_clk rise edge)    0.000     0.000 r  
    R4                                                0.000     0.000 r  sys_clk (IN)
                         net (fo=0)                   0.000     0.000    sys_clk
    R4                   IBUF (Prop_ibuf_I_O)         1.419     1.419 r  sys_clk_IBUF_inst/O
                         net (fo=1, routed)           1.792     3.211    sys_clk_IBUF
    BUFGCTRL_X0Y0        BUFG (Prop_bufg_I_O)         0.081     3.292 r  sys_clk_IBUF_BUFG_inst/O
                         net (fo=7, routed)           1.552     4.843    count_1/in0
    SLICE_X163Y104       FDRE                                         r  count_1/out_reg[1]/C
  -------------------------------------------------------------------    -------------------
    SLICE_X163Y104       FDRE (Prop_fdre_C_Q)         0.379     5.222 r  count_1/out_reg[1]/Q
                         net (fo=1, routed)           1.254     6.476    led_OBUF[1]
    Y8                   OBUF (Prop_obuf_I_O)         3.312     9.788 r  led_OBUF[1]_inst/O
                         net (fo=0)                   0.000     9.788    led[1]
    Y8                                                                r  led[1] (OUT)
  -------------------------------------------------------------------    -------------------





Min Delay Paths
--------------------------------------------------------------------------------------
Slack:                    inf
  Source:                 count_1/out_reg[1]/C
                            (rising edge-triggered cell FDRE clocked by sys_clk  {rise@0.000ns fall@5.000ns period=10.000ns})
  Destination:            led[1]
                            (output port)
  Path Group:             (none)
  Path Type:              Min at Fast Process Corner
  Data Path Delay:        1.682ns  (logic 1.408ns (83.708%)  route 0.274ns (16.292%))
  Logic Levels:           1  (OBUF=1)
  Clock Uncertainty:      0.025ns  ((TSJ^2 + TIJ^2)^1/2 + DJ) / 2 + PE
    Total System Jitter     (TSJ):    0.050ns
    Total Input Jitter      (TIJ):    0.000ns
    Discrete Jitter          (DJ):    0.000ns
    Phase Error              (PE):    0.000ns

    Location             Delay type                Incr(ns)  Path(ns)    Netlist Resource(s)
  -------------------------------------------------------------------    -------------------
                         (clock sys_clk rise edge)    0.000     0.000 r  
    R4                                                0.000     0.000 r  sys_clk (IN)
                         net (fo=0)                   0.000     0.000    sys_clk
    R4                   IBUF (Prop_ibuf_I_O)         0.256     0.256 r  sys_clk_IBUF_inst/O
                         net (fo=1, routed)           0.676     0.932    sys_clk_IBUF
    BUFGCTRL_X0Y0        BUFG (Prop_bufg_I_O)         0.026     0.958 r  sys_clk_IBUF_BUFG_inst/O
                         net (fo=7, routed)           0.648     1.605    count_1/in0
    SLICE_X163Y104       FDRE                                         r  count_1/out_reg[1]/C
  -------------------------------------------------------------------    -------------------
    SLICE_X163Y104       FDRE (Prop_fdre_C_Q)         0.141     1.746 r  count_1/out_reg[1]/Q
                         net (fo=1, routed)           0.274     2.020    led_OBUF[1]
    Y8                   OBUF (Prop_obuf_I_O)         1.267     3.287 r  led_OBUF[1]_inst/O
                         net (fo=0)                   0.000     3.287    led[1]
    Y8                                                                r  led[1] (OUT)
  -------------------------------------------------------------------    -------------------

Slack:                    inf
  Source:                 count_1/out_reg[2]/C
                            (rising edge-triggered cell FDRE clocked by sys_clk  {rise@0.000ns fall@5.000ns period=10.000ns})
  Destination:            led[2]
                            (output port)
  Path Group:             (none)
  Path Type:              Min at Fast Process Corner
  Data Path Delay:        1.718ns  (logic 1.401ns (81.564%)  route 0.317ns (18.436%))
  Logic Levels:           1  (OBUF=1)
  Clock Uncertainty:      0.025ns  ((TSJ^2 + TIJ^2)^1/2 + DJ) / 2 + PE
    Total System Jitter     (TSJ):    0.050ns
    Total Input Jitter      (TIJ):    0.000ns
    Discrete Jitter          (DJ):    0.000ns
    Phase Error              (PE):    0.000ns

    Location             Delay type                Incr(ns)  Path(ns)    Netlist Resource(s)
  -------------------------------------------------------------------    -------------------
                         (clock sys_clk rise edge)    0.000     0.000 r  
    R4                                                0.000     0.000 r  sys_clk (IN)
                         net (fo=0)                   0.000     0.000    sys_clk
    R4                   IBUF (Prop_ibuf_I_O)         0.256     0.256 r  sys_clk_IBUF_inst/O
                         net (fo=1, routed)           0.676     0.932    sys_clk_IBUF
    BUFGCTRL_X0Y0        BUFG (Prop_bufg_I_O)         0.026     0.958 r  sys_clk_IBUF_BUFG_inst/O
                         net (fo=7, routed)           0.648     1.605    count_1/in0
    SLICE_X163Y104       FDRE                                         r  count_1/out_reg[2]/C
  -------------------------------------------------------------------    -------------------
    SLICE_X163Y104       FDRE (Prop_fdre_C_Q)         0.141     1.746 r  count_1/out_reg[2]/Q
                         net (fo=1, routed)           0.317     2.063    led_OBUF[2]
    Y7                   OBUF (Prop_obuf_I_O)         1.260     3.323 r  led_OBUF[2]_inst/O
                         net (fo=0)                   0.000     3.323    led[2]
    Y7                                                                r  led[2] (OUT)
  -------------------------------------------------------------------    -------------------

Slack:                    inf
  Source:                 count_1/out_reg[0]/C
                            (rising edge-triggered cell FDRE clocked by sys_clk  {rise@0.000ns fall@5.000ns period=10.000ns})
  Destination:            led[0]
                            (output port)
  Path Group:             (none)
  Path Type:              Min at Fast Process Corner
  Data Path Delay:        1.794ns  (logic 1.444ns (80.494%)  route 0.350ns (19.506%))
  Logic Levels:           1  (OBUF=1)
  Clock Uncertainty:      0.025ns  ((TSJ^2 + TIJ^2)^1/2 + DJ) / 2 + PE
    Total System Jitter     (TSJ):    0.050ns
    Total Input Jitter      (TIJ):    0.000ns
    Discrete Jitter          (DJ):    0.000ns
    Phase Error              (PE):    0.000ns

    Location             Delay type                Incr(ns)  Path(ns)    Netlist Resource(s)
  -------------------------------------------------------------------    -------------------
                         (clock sys_clk rise edge)    0.000     0.000 r  
    R4                                                0.000     0.000 r  sys_clk (IN)
                         net (fo=0)                   0.000     0.000    sys_clk
    R4                   IBUF (Prop_ibuf_I_O)         0.256     0.256 r  sys_clk_IBUF_inst/O
                         net (fo=1, routed)           0.676     0.932    sys_clk_IBUF
    BUFGCTRL_X0Y0        BUFG (Prop_bufg_I_O)         0.026     0.958 r  sys_clk_IBUF_BUFG_inst/O
                         net (fo=7, routed)           0.648     1.605    count_1/in0
    SLICE_X163Y104       FDRE                                         r  count_1/out_reg[0]/C
  -------------------------------------------------------------------    -------------------
    SLICE_X163Y104       FDRE (Prop_fdre_C_Q)         0.128     1.733 r  count_1/out_reg[0]/Q
                         net (fo=1, routed)           0.350     2.083    led_OBUF[0]
    V9                   OBUF (Prop_obuf_I_O)         1.316     3.399 r  led_OBUF[0]_inst/O
                         net (fo=0)                   0.000     3.399    led[0]
    V9                                                                r  led[0] (OUT)
  -------------------------------------------------------------------    -------------------

Slack:                    inf
  Source:                 count_1/out_reg[3]/C
                            (rising edge-triggered cell FDRE clocked by sys_clk  {rise@0.000ns fall@5.000ns period=10.000ns})
  Destination:            led[3]
                            (output port)
  Path Group:             (none)
  Path Type:              Min at Fast Process Corner
  Data Path Delay:        1.816ns  (logic 1.400ns (77.092%)  route 0.416ns (22.908%))
  Logic Levels:           1  (OBUF=1)
  Clock Uncertainty:      0.025ns  ((TSJ^2 + TIJ^2)^1/2 + DJ) / 2 + PE
    Total System Jitter     (TSJ):    0.050ns
    Total Input Jitter      (TIJ):    0.000ns
    Discrete Jitter          (DJ):    0.000ns
    Phase Error              (PE):    0.000ns

    Location             Delay type                Incr(ns)  Path(ns)    Netlist Resource(s)
  -------------------------------------------------------------------    -------------------
                         (clock sys_clk rise edge)    0.000     0.000 r  
    R4                                                0.000     0.000 r  sys_clk (IN)
                         net (fo=0)                   0.000     0.000    sys_clk
    R4                   IBUF (Prop_ibuf_I_O)         0.256     0.256 r  sys_clk_IBUF_inst/O
                         net (fo=1, routed)           0.676     0.932    sys_clk_IBUF
    BUFGCTRL_X0Y0        BUFG (Prop_bufg_I_O)         0.026     0.958 r  sys_clk_IBUF_BUFG_inst/O
                         net (fo=7, routed)           0.648     1.605    count_1/in0
    SLICE_X163Y104       FDRE                                         r  count_1/out_reg[3]/C
  -------------------------------------------------------------------    -------------------
    SLICE_X163Y104       FDRE (Prop_fdre_C_Q)         0.141     1.746 r  count_1/out_reg[3]/Q
                         net (fo=1, routed)           0.416     2.162    led_OBUF[3]
    W7                   OBUF (Prop_obuf_I_O)         1.259     3.421 r  led_OBUF[3]_inst/O
                         net (fo=0)                   0.000     3.421    led[3]
    W7                                                                r  led[3] (OUT)
  -------------------------------------------------------------------    -------------------





--------------------------------------------------------------------------------------
Path Group:  (none)
From Clock:  
  To Clock:  sys_clk

Max Delay             3 Endpoints
Min Delay             3 Endpoints
--------------------------------------------------------------------------------------


Max Delay Paths
--------------------------------------------------------------------------------------
Slack:                    inf
  Source:                 sys_rst_n
                            (input port)
  Destination:            count_1/FSM_onehot_status_reg[0]/PRE
                            (recovery check against rising-edge clock sys_clk  {rise@0.000ns fall@5.000ns period=10.000ns})
  Path Group:             (none)
  Path Type:              Recovery (Max at Slow Process Corner)
  Data Path Delay:        3.238ns  (logic 1.516ns (46.821%)  route 1.722ns (53.179%))
  Logic Levels:           2  (IBUF=1 LUT1=1)
  Clock Path Skew:        4.572ns (DCD - SCD + CPR)
    Destination Clock Delay (DCD):    4.572ns
    Source Clock Delay      (SCD):    0.000ns
    Clock Pessimism Removal (CPR):    0.000ns
  Clock Uncertainty:      0.025ns  ((TSJ^2 + TIJ^2)^1/2 + DJ) / 2 + PE
    Total System Jitter     (TSJ):    0.050ns
    Total Input Jitter      (TIJ):    0.000ns
    Discrete Jitter          (DJ):    0.000ns
    Phase Error              (PE):    0.000ns

    Location             Delay type                Incr(ns)  Path(ns)    Netlist Resource(s)
  -------------------------------------------------------------------    -------------------
    U7                                                0.000     0.000 r  sys_rst_n (IN)
                         net (fo=0)                   0.000     0.000    sys_rst_n
    U7                   IBUF (Prop_ibuf_I_O)         1.411     1.411 r  sys_rst_n_IBUF_inst/O
                         net (fo=1, routed)           1.174     2.585    count_1/sys_rst_n_IBUF
    SLICE_X162Y104       LUT1 (Prop_lut1_I0_O)        0.105     2.690 f  count_1/FSM_onehot_status[3]_i_1/O
                         net (fo=3, routed)           0.547     3.238    count_1/sys_rst
    SLICE_X162Y104       FDPE                                         f  count_1/FSM_onehot_status_reg[0]/PRE
  -------------------------------------------------------------------    -------------------

                         (clock sys_clk rise edge)    0.000     0.000 r  
    R4                                                0.000     0.000 r  sys_clk (IN)
                         net (fo=0)                   0.000     0.000    sys_clk
    R4                   IBUF (Prop_ibuf_I_O)         1.353     1.353 r  sys_clk_IBUF_inst/O
                         net (fo=1, routed)           1.699     3.052    sys_clk_IBUF
    BUFGCTRL_X0Y0        BUFG (Prop_bufg_I_O)         0.077     3.129 r  sys_clk_IBUF_BUFG_inst/O
                         net (fo=7, routed)           1.443     4.572    count_1/in0
    SLICE_X162Y104       FDPE                                         r  count_1/FSM_onehot_status_reg[0]/C

Slack:                    inf
  Source:                 sys_rst_n
                            (input port)
  Destination:            count_1/FSM_onehot_status_reg[2]/CLR
                            (recovery check against rising-edge clock sys_clk  {rise@0.000ns fall@5.000ns period=10.000ns})
  Path Group:             (none)
  Path Type:              Recovery (Max at Slow Process Corner)
  Data Path Delay:        3.238ns  (logic 1.516ns (46.821%)  route 1.722ns (53.179%))
  Logic Levels:           2  (IBUF=1 LUT1=1)
  Clock Path Skew:        4.572ns (DCD - SCD + CPR)
    Destination Clock Delay (DCD):    4.572ns
    Source Clock Delay      (SCD):    0.000ns
    Clock Pessimism Removal (CPR):    0.000ns
  Clock Uncertainty:      0.025ns  ((TSJ^2 + TIJ^2)^1/2 + DJ) / 2 + PE
    Total System Jitter     (TSJ):    0.050ns
    Total Input Jitter      (TIJ):    0.000ns
    Discrete Jitter          (DJ):    0.000ns
    Phase Error              (PE):    0.000ns

    Location             Delay type                Incr(ns)  Path(ns)    Netlist Resource(s)
  -------------------------------------------------------------------    -------------------
    U7                                                0.000     0.000 r  sys_rst_n (IN)
                         net (fo=0)                   0.000     0.000    sys_rst_n
    U7                   IBUF (Prop_ibuf_I_O)         1.411     1.411 r  sys_rst_n_IBUF_inst/O
                         net (fo=1, routed)           1.174     2.585    count_1/sys_rst_n_IBUF
    SLICE_X162Y104       LUT1 (Prop_lut1_I0_O)        0.105     2.690 f  count_1/FSM_onehot_status[3]_i_1/O
                         net (fo=3, routed)           0.547     3.238    count_1/sys_rst
    SLICE_X162Y104       FDCE                                         f  count_1/FSM_onehot_status_reg[2]/CLR
  -------------------------------------------------------------------    -------------------

                         (clock sys_clk rise edge)    0.000     0.000 r  
    R4                                                0.000     0.000 r  sys_clk (IN)
                         net (fo=0)                   0.000     0.000    sys_clk
    R4                   IBUF (Prop_ibuf_I_O)         1.353     1.353 r  sys_clk_IBUF_inst/O
                         net (fo=1, routed)           1.699     3.052    sys_clk_IBUF
    BUFGCTRL_X0Y0        BUFG (Prop_bufg_I_O)         0.077     3.129 r  sys_clk_IBUF_BUFG_inst/O
                         net (fo=7, routed)           1.443     4.572    count_1/in0
    SLICE_X162Y104       FDCE                                         r  count_1/FSM_onehot_status_reg[2]/C

Slack:                    inf
  Source:                 sys_rst_n
                            (input port)
  Destination:            count_1/FSM_onehot_status_reg[3]/CLR
                            (recovery check against rising-edge clock sys_clk  {rise@0.000ns fall@5.000ns period=10.000ns})
  Path Group:             (none)
  Path Type:              Recovery (Max at Slow Process Corner)
  Data Path Delay:        3.238ns  (logic 1.516ns (46.821%)  route 1.722ns (53.179%))
  Logic Levels:           2  (IBUF=1 LUT1=1)
  Clock Path Skew:        4.572ns (DCD - SCD + CPR)
    Destination Clock Delay (DCD):    4.572ns
    Source Clock Delay      (SCD):    0.000ns
    Clock Pessimism Removal (CPR):    0.000ns
  Clock Uncertainty:      0.025ns  ((TSJ^2 + TIJ^2)^1/2 + DJ) / 2 + PE
    Total System Jitter     (TSJ):    0.050ns
    Total Input Jitter      (TIJ):    0.000ns
    Discrete Jitter          (DJ):    0.000ns
    Phase Error              (PE):    0.000ns

    Location             Delay type                Incr(ns)  Path(ns)    Netlist Resource(s)
  -------------------------------------------------------------------    -------------------
    U7                                                0.000     0.000 r  sys_rst_n (IN)
                         net (fo=0)                   0.000     0.000    sys_rst_n
    U7                   IBUF (Prop_ibuf_I_O)         1.411     1.411 r  sys_rst_n_IBUF_inst/O
                         net (fo=1, routed)           1.174     2.585    count_1/sys_rst_n_IBUF
    SLICE_X162Y104       LUT1 (Prop_lut1_I0_O)        0.105     2.690 f  count_1/FSM_onehot_status[3]_i_1/O
                         net (fo=3, routed)           0.547     3.238    count_1/sys_rst
    SLICE_X162Y104       FDCE                                         f  count_1/FSM_onehot_status_reg[3]/CLR
  -------------------------------------------------------------------    -------------------

                         (clock sys_clk rise edge)    0.000     0.000 r  
    R4                                                0.000     0.000 r  sys_clk (IN)
                         net (fo=0)                   0.000     0.000    sys_clk
    R4                   IBUF (Prop_ibuf_I_O)         1.353     1.353 r  sys_clk_IBUF_inst/O
                         net (fo=1, routed)           1.699     3.052    sys_clk_IBUF
    BUFGCTRL_X0Y0        BUFG (Prop_bufg_I_O)         0.077     3.129 r  sys_clk_IBUF_BUFG_inst/O
                         net (fo=7, routed)           1.443     4.572    count_1/in0
    SLICE_X162Y104       FDCE                                         r  count_1/FSM_onehot_status_reg[3]/C





Min Delay Paths
--------------------------------------------------------------------------------------
Slack:                    inf
  Source:                 sys_rst_n
                            (input port)
  Destination:            count_1/FSM_onehot_status_reg[0]/PRE
                            (removal check against rising-edge clock sys_clk  {rise@0.000ns fall@5.000ns period=10.000ns})
  Path Group:             (none)
  Path Type:              Removal (Min at Fast Process Corner)
  Data Path Delay:        1.149ns  (logic 0.293ns (25.466%)  route 0.857ns (74.534%))
  Logic Levels:           2  (IBUF=1 LUT1=1)
  Clock Path Skew:        2.127ns (DCD - SCD - CPR)
    Destination Clock Delay (DCD):    2.127ns
    Source Clock Delay      (SCD):    0.000ns
    Clock Pessimism Removal (CPR):    -0.000ns

    Location             Delay type                Incr(ns)  Path(ns)    Netlist Resource(s)
  -------------------------------------------------------------------    -------------------
    U7                                                0.000     0.000 r  sys_rst_n (IN)
                         net (fo=0)                   0.000     0.000    sys_rst_n
    U7                   IBUF (Prop_ibuf_I_O)         0.248     0.248 r  sys_rst_n_IBUF_inst/O
                         net (fo=1, routed)           0.538     0.786    count_1/sys_rst_n_IBUF
    SLICE_X162Y104       LUT1 (Prop_lut1_I0_O)        0.045     0.831 f  count_1/FSM_onehot_status[3]_i_1/O
                         net (fo=3, routed)           0.318     1.149    count_1/sys_rst
    SLICE_X162Y104       FDPE                                         f  count_1/FSM_onehot_status_reg[0]/PRE
  -------------------------------------------------------------------    -------------------

                         (clock sys_clk rise edge)    0.000     0.000 r  
    R4                                                0.000     0.000 r  sys_clk (IN)
                         net (fo=0)                   0.000     0.000    sys_clk
    R4                   IBUF (Prop_ibuf_I_O)         0.444     0.444 r  sys_clk_IBUF_inst/O
                         net (fo=1, routed)           0.734     1.177    sys_clk_IBUF
    BUFGCTRL_X0Y0        BUFG (Prop_bufg_I_O)         0.029     1.206 r  sys_clk_IBUF_BUFG_inst/O
                         net (fo=7, routed)           0.921     2.127    count_1/in0
    SLICE_X162Y104       FDPE                                         r  count_1/FSM_onehot_status_reg[0]/C

Slack:                    inf
  Source:                 sys_rst_n
                            (input port)
  Destination:            count_1/FSM_onehot_status_reg[2]/CLR
                            (removal check against rising-edge clock sys_clk  {rise@0.000ns fall@5.000ns period=10.000ns})
  Path Group:             (none)
  Path Type:              Removal (Min at Fast Process Corner)
  Data Path Delay:        1.149ns  (logic 0.293ns (25.466%)  route 0.857ns (74.534%))
  Logic Levels:           2  (IBUF=1 LUT1=1)
  Clock Path Skew:        2.127ns (DCD - SCD - CPR)
    Destination Clock Delay (DCD):    2.127ns
    Source Clock Delay      (SCD):    0.000ns
    Clock Pessimism Removal (CPR):    -0.000ns

    Location             Delay type                Incr(ns)  Path(ns)    Netlist Resource(s)
  -------------------------------------------------------------------    -------------------
    U7                                                0.000     0.000 r  sys_rst_n (IN)
                         net (fo=0)                   0.000     0.000    sys_rst_n
    U7                   IBUF (Prop_ibuf_I_O)         0.248     0.248 r  sys_rst_n_IBUF_inst/O
                         net (fo=1, routed)           0.538     0.786    count_1/sys_rst_n_IBUF
    SLICE_X162Y104       LUT1 (Prop_lut1_I0_O)        0.045     0.831 f  count_1/FSM_onehot_status[3]_i_1/O
                         net (fo=3, routed)           0.318     1.149    count_1/sys_rst
    SLICE_X162Y104       FDCE                                         f  count_1/FSM_onehot_status_reg[2]/CLR
  -------------------------------------------------------------------    -------------------

                         (clock sys_clk rise edge)    0.000     0.000 r  
    R4                                                0.000     0.000 r  sys_clk (IN)
                         net (fo=0)                   0.000     0.000    sys_clk
    R4                   IBUF (Prop_ibuf_I_O)         0.444     0.444 r  sys_clk_IBUF_inst/O
                         net (fo=1, routed)           0.734     1.177    sys_clk_IBUF
    BUFGCTRL_X0Y0        BUFG (Prop_bufg_I_O)         0.029     1.206 r  sys_clk_IBUF_BUFG_inst/O
                         net (fo=7, routed)           0.921     2.127    count_1/in0
    SLICE_X162Y104       FDCE                                         r  count_1/FSM_onehot_status_reg[2]/C

Slack:                    inf
  Source:                 sys_rst_n
                            (input port)
  Destination:            count_1/FSM_onehot_status_reg[3]/CLR
                            (removal check against rising-edge clock sys_clk  {rise@0.000ns fall@5.000ns period=10.000ns})
  Path Group:             (none)
  Path Type:              Removal (Min at Fast Process Corner)
  Data Path Delay:        1.149ns  (logic 0.293ns (25.466%)  route 0.857ns (74.534%))
  Logic Levels:           2  (IBUF=1 LUT1=1)
  Clock Path Skew:        2.127ns (DCD - SCD - CPR)
    Destination Clock Delay (DCD):    2.127ns
    Source Clock Delay      (SCD):    0.000ns
    Clock Pessimism Removal (CPR):    -0.000ns

    Location             Delay type                Incr(ns)  Path(ns)    Netlist Resource(s)
  -------------------------------------------------------------------    -------------------
    U7                                                0.000     0.000 r  sys_rst_n (IN)
                         net (fo=0)                   0.000     0.000    sys_rst_n
    U7                   IBUF (Prop_ibuf_I_O)         0.248     0.248 r  sys_rst_n_IBUF_inst/O
                         net (fo=1, routed)           0.538     0.786    count_1/sys_rst_n_IBUF
    SLICE_X162Y104       LUT1 (Prop_lut1_I0_O)        0.045     0.831 f  count_1/FSM_onehot_status[3]_i_1/O
                         net (fo=3, routed)           0.318     1.149    count_1/sys_rst
    SLICE_X162Y104       FDCE                                         f  count_1/FSM_onehot_status_reg[3]/CLR
  -------------------------------------------------------------------    -------------------

                         (clock sys_clk rise edge)    0.000     0.000 r  
    R4                                                0.000     0.000 r  sys_clk (IN)
                         net (fo=0)                   0.000     0.000    sys_clk
    R4                   IBUF (Prop_ibuf_I_O)         0.444     0.444 r  sys_clk_IBUF_inst/O
                         net (fo=1, routed)           0.734     1.177    sys_clk_IBUF
    BUFGCTRL_X0Y0        BUFG (Prop_bufg_I_O)         0.029     1.206 r  sys_clk_IBUF_BUFG_inst/O
                         net (fo=7, routed)           0.921     2.127    count_1/in0
    SLICE_X162Y104       FDCE                                         r  count_1/FSM_onehot_status_reg[3]/C





